{
  "generated_at": "2026-05-03T21:05:40.176312+00:00",
  "run_stamp": "20260503T210526Z",
  "log_archive": "D:\\judee\\Google Drive\\School\\Classes\\EE800_820\\Code\\AIML\\Logs\\baselines_20260503T210526Z.log",
  "rf_grid": {
    "n_estimators": [
      100,
      300,
      600
    ],
    "max_depth": [
      null,
      10,
      20
    ],
    "min_samples_leaf": [
      1,
      3
    ],
    "max_features": [
      "sqrt",
      "log2"
    ]
  },
  "results": {
    "sf": {
      "dummy": {
        "acc": 0.7247706422018348,
        "ci_lo": 0.6739634089555824,
        "ci_hi": 0.7703581719127617,
        "n_correct": 237,
        "n_total": 327
      },
      "tree5": {
        "acc": 0.9663608562691132,
        "ci_lo": 0.9407772396361791,
        "ci_hi": 0.9811144757709296,
        "n_correct": 316,
        "n_total": 327
      },
      "rf": {
        "acc": 0.9663608562691132,
        "ci_lo": 0.9407772396361791,
        "ci_hi": 0.9811144757709296,
        "n_correct": 316,
        "n_total": 327,
        "cv_acc": 0.9779410486044693,
        "params": {
          "max_depth": 10,
          "max_features": "sqrt",
          "min_samples_leaf": 1,
          "n_estimators": 100
        }
      },
      "feature_cols": [
        "rssi_dbm",
        "snr_db",
        "inter_arrival_ms",
        "beacon_id",
        "pkt_type"
      ],
      "feature_importance": [
        [
          "snr_db",
          0.6516813263353228
        ],
        [
          "rssi_dbm",
          0.31867204010865985
        ],
        [
          "inter_arrival_ms",
          0.02666902742976234
        ],
        [
          "beacon_id",
          0.0018653117727621793
        ],
        [
          "pkt_type",
          0.0011122943534928092
        ]
      ]
    },
    "mod": {
      "skipped": true,
      "reason": "only 1 class in train"
    },
    "beacon": {
      "dummy": {
        "acc": 0.9051987767584098,
        "ci_lo": 0.8685794237683235,
        "ci_hi": 0.932408460109984,
        "n_correct": 296,
        "n_total": 327
      },
      "tree5": {
        "acc": 1.0,
        "ci_lo": 0.9883888227479495,
        "ci_hi": 1.0,
        "n_correct": 327,
        "n_total": 327
      },
      "rf": {
        "acc": 1.0,
        "ci_lo": 0.9883888227479495,
        "ci_hi": 1.0,
        "n_correct": 327,
        "n_total": 327,
        "cv_acc": 1.0,
        "params": {
          "max_depth": null,
          "max_features": "sqrt",
          "min_samples_leaf": 1,
          "n_estimators": 600
        }
      },
      "feature_cols": [
        "rssi_dbm",
        "snr_db",
        "freq_error_hz",
        "inter_arrival_ms",
        "spread_factor",
        "pkt_type"
      ],
      "feature_importance": [
        [
          "pkt_type",
          0.49513226586689363
        ],
        [
          "inter_arrival_ms",
          0.3948907548695221
        ],
        [
          "rssi_dbm",
          0.10248299907075208
        ],
        [
          "spread_factor",
          0.0027845865834124606
        ],
        [
          "freq_error_hz",
          0.00260819121005091
        ],
        [
          "snr_db",
          0.002101202399369023
        ]
      ]
    },
    "pkt": {
      "dummy": {
        "acc": 0.9051987767584098,
        "ci_lo": 0.8685794237683235,
        "ci_hi": 0.932408460109984,
        "n_correct": 296,
        "n_total": 327
      },
      "tree5": {
        "acc": 1.0,
        "ci_lo": 0.9883888227479495,
        "ci_hi": 1.0,
        "n_correct": 327,
        "n_total": 327
      },
      "rf": {
        "acc": 1.0,
        "ci_lo": 0.9883888227479495,
        "ci_hi": 1.0,
        "n_correct": 327,
        "n_total": 327,
        "cv_acc": 1.0,
        "params": {
          "max_depth": null,
          "max_features": "sqrt",
          "min_samples_leaf": 1,
          "n_estimators": 600
        }
      },
      "feature_cols": [
        "rssi_dbm",
        "snr_db",
        "freq_error_hz",
        "inter_arrival_ms",
        "spread_factor",
        "beacon_id"
      ],
      "feature_importance": [
        [
          "beacon_id",
          0.49513226586689363
        ],
        [
          "inter_arrival_ms",
          0.3948907548695221
        ],
        [
          "rssi_dbm",
          0.10248299907075208
        ],
        [
          "spread_factor",
          0.0027845865834124606
        ],
        [
          "freq_error_hz",
          0.00260819121005091
        ],
        [
          "snr_db",
          0.002101202399369023
        ]
      ]
    }
  }
}