{
  "generated_at": "2026-05-03T21:36:18.768416+00:00",
  "run_stamp": "20260503T213617Z",
  "log_archive": "D:\\judee\\Google Drive\\School\\Classes\\EE800_820\\Code\\AIML\\Logs\\stratified_20260503T213617Z.log",
  "results": {
    "sf": {
      "snr": {
        "rf": {
          "centers": [
            9.25,
            9.5,
            9.625,
            10.75,
            13.0
          ],
          "accs": [
            1.0,
            NaN,
            1.0,
            0.9587628865979382,
            0.9135802469135802
          ],
          "ns": [
            47,
            0,
            102,
            97,
            81
          ],
          "ci_lo": [
            0.9244423958360037,
            NaN,
            0.9637055378535367,
            0.8987247439592628,
            0.8322008336612947
          ],
          "ci_hi": [
            1.0,
            NaN,
            0.9999999999999999,
            0.9838487634138368,
            0.9575074166600406
          ]
        },
        "svm": {
          "centers": [
            9.25,
            9.5,
            9.625,
            10.75,
            13.0
          ],
          "accs": [
            1.0,
            NaN,
            1.0,
            0.9587628865979382,
            0.9012345679012346
          ],
          "ns": [
            47,
            0,
            102,
            97,
            81
          ],
          "ci_lo": [
            0.9244423958360037,
            NaN,
            0.9637055378535367,
            0.8987247439592628,
            0.8170349859835269
          ],
          "ci_hi": [
            1.0,
            NaN,
            0.9999999999999999,
            0.9838487634138368,
            0.9490998837312017
          ]
        },
        "mlp": {
          "centers": [
            9.25,
            9.5,
            9.625,
            10.75,
            13.0
          ],
          "accs": [
            1.0,
            NaN,
            1.0,
            0.9587628865979382,
            0.9135802469135802
          ],
          "ns": [
            47,
            0,
            102,
            97,
            81
          ],
          "ci_lo": [
            0.9244423958360037,
            NaN,
            0.9637055378535367,
            0.8987247439592628,
            0.8322008336612947
          ],
          "ci_hi": [
            1.0,
            NaN,
            0.9999999999999999,
            0.9838487634138368,
            0.9575074166600406
          ]
        },
        "cnn": {
          "centers": [
            9.25,
            9.5,
            9.625,
            10.75,
            13.0
          ],
          "accs": [
            1.0,
            NaN,
            1.0,
            1.0,
            0.9382716049382716
          ],
          "ns": [
            47,
            0,
            102,
            97,
            81
          ],
          "ci_lo": [
            0.9244423958360037,
            NaN,
            0.9637055378535367,
            0.9619059574740523,
            0.8635075236315787
          ],
          "ci_hi": [
            1.0,
            NaN,
            0.9999999999999999,
            1.0,
            0.9733474879029708
          ]
        }
      },
      "distance": null,
      "stations": {
        "rf": {
          "centers": [
            1.0,
            2.0
          ],
          "accs": [
            1.0,
            1.0
          ],
          "ns": [
            43,
            59
          ],
          "ci_lo": [
            0.9179901967742088,
            0.9388706294732116
          ],
          "ci_hi": [
            1.0,
            1.0
          ]
        },
        "svm": {
          "centers": [
            1.0,
            2.0
          ],
          "accs": [
            1.0,
            1.0
          ],
          "ns": [
            43,
            59
          ],
          "ci_lo": [
            0.9179901967742088,
            0.9388706294732116
          ],
          "ci_hi": [
            1.0,
            1.0
          ]
        },
        "mlp": {
          "centers": [
            1.0,
            2.0
          ],
          "accs": [
            1.0,
            1.0
          ],
          "ns": [
            43,
            59
          ],
          "ci_lo": [
            0.9179901967742088,
            0.9388706294732116
          ],
          "ci_hi": [
            1.0,
            1.0
          ]
        },
        "cnn": {
          "centers": [
            1.0,
            2.0
          ],
          "accs": [
            1.0,
            1.0
          ],
          "ns": [
            43,
            59
          ],
          "ci_lo": [
            0.9179901967742088,
            0.9388706294732116
          ],
          "ci_hi": [
            1.0,
            1.0
          ]
        }
      }
    },
    "mod": null,
    "beacon": {
      "snr": {
        "rf": {
          "centers": [
            9.25,
            9.5,
            9.625,
            10.75,
            13.0
          ],
          "accs": [
            1.0,
            NaN,
            1.0,
            1.0,
            1.0
          ],
          "ns": [
            47,
            0,
            102,
            97,
            81
          ],
          "ci_lo": [
            0.9244423958360037,
            NaN,
            0.9637055378535367,
            0.9619059574740523,
            0.9547219145675847
          ],
          "ci_hi": [
            1.0,
            NaN,
            0.9999999999999999,
            1.0,
            1.0
          ]
        },
        "svm": {
          "centers": [
            9.25,
            9.5,
            9.625,
            10.75,
            13.0
          ],
          "accs": [
            1.0,
            NaN,
            1.0,
            1.0,
            1.0
          ],
          "ns": [
            47,
            0,
            102,
            97,
            81
          ],
          "ci_lo": [
            0.9244423958360037,
            NaN,
            0.9637055378535367,
            0.9619059574740523,
            0.9547219145675847
          ],
          "ci_hi": [
            1.0,
            NaN,
            0.9999999999999999,
            1.0,
            1.0
          ]
        },
        "mlp": {
          "centers": [
            9.25,
            9.5,
            9.625,
            10.75,
            13.0
          ],
          "accs": [
            1.0,
            NaN,
            1.0,
            1.0,
            1.0
          ],
          "ns": [
            47,
            0,
            102,
            97,
            81
          ],
          "ci_lo": [
            0.9244423958360037,
            NaN,
            0.9637055378535367,
            0.9619059574740523,
            0.9547219145675847
          ],
          "ci_hi": [
            1.0,
            NaN,
            0.9999999999999999,
            1.0,
            1.0
          ]
        },
        "cnn": {
          "centers": [
            9.25,
            9.5,
            9.625,
            10.75,
            13.0
          ],
          "accs": [
            1.0,
            NaN,
            1.0,
            1.0,
            1.0
          ],
          "ns": [
            47,
            0,
            102,
            97,
            81
          ],
          "ci_lo": [
            0.9244423958360037,
            NaN,
            0.9637055378535367,
            0.9619059574740523,
            0.9547219145675847
          ],
          "ci_hi": [
            1.0,
            NaN,
            0.9999999999999999,
            1.0,
            1.0
          ]
        }
      },
      "distance": null,
      "stations": {
        "rf": {
          "centers": [
            1.0,
            2.0
          ],
          "accs": [
            1.0,
            1.0
          ],
          "ns": [
            43,
            59
          ],